{
"meta":{"test_sets":[],"test_metrics":[],"learn_metrics":[{"best_value":"Min","name":"Logloss"}],"launch_mode":"Train","parameters":"","iteration_count":10,"learn_sets":["learn"],"name":"experiment"},
"iterations":[
{"learn":[0.2742009758],"iteration":0,"passed_time":5.191460375,"remaining_time":46.7231433,
,
{"learn":[0.2394326087],"iteration":1,"passed_time":9.391402753,"remaining_time":37.565611,
{"learn":[0.2236096623],"iteration":2,"passed_time":13.62761253,"remaining_time":31.79776258,,
{"learn":[0.2093001942],"iteration":3,"passed_time":16.99369777,"remaining_time":25.4905466,
,
{"learn":[0.1990827001],"iteration":4,"passed_time":19.45823741,"remaining_time":19.458237,
{,
{"learn":[0.1905460472],"iteration":5,"passed_time":22.21430779,"remaining_time":14.80953,
{",
{"learn":[0.1861016284],"iteration":6,"passed_time":24.51018836,"remaining_time":10.50436,
{",
{"learn":[0.1803922016],"iteration":7,"passed_time":27.06879356,"remaining_time":6.76719,
{"l,
{"learn":[0.1766653869],"iteration":8,"passed_time":29.57583594,"remaining_time":3.28620,
{"l,
{"learn":[0.1738300081],"iteration":9,"passed_time":30.99593278,"remaining_time":0}
]}}