iter	Logloss
0	0.2742009758
1	0.23943260872	0.2236096623
3	0.2093001942
4	0.199082700155	0.190546047266	0.186101628477	0.180392201688	0.176665386999	0.1738300081
