iter	RMSE
0	31.03488571
1	27.71492587
2	25.85741643
3	24.99492099
4	23.9982849
5	23.38416718
6	22.93277478
7	22.63795995
8	22.30507269
9	21.98050458
10	21.50861794
11	21.22537113
12	20.98034201
13	20.76260814
14	20.616567
